"distance.p1_30_a","instensity.p1_30_a","distance.p2_30_a","instensity.p2_30_a","distance.p3_atyp1","instensity.p3_atyp1","distance.p4_atyp2","instensity.p4_atyp2"
0,219,0,218,0,254,0,243
0.085,228.222,0.084,237.75,0.089,249.444,0.091,242.722
0.17,239.069,0.167,248.583,0.178,206.125,0.182,230.194
0.255,246.625,0.251,249.486,0.267,177.097,0.273,200.861
0.34,249.75,0.335,250.736,0.356,180.75,0.364,192.792
0.426,247.417,0.418,250.375,0.445,195.611,0.455,180.278
0.511,245.444,0.502,247.931,0.535,204.056,0.545,153.472
0.596,246.653,0.586,247.514,0.624,166.75,0.636,157.722
0.681,247.125,0.669,247.583,0.713,154.625,0.727,178.639
0.766,245.569,0.753,246.528,0.802,155.694,0.818,190.861
0.851,244.528,0.837,245.847,0.891,167.139,0.909,199.056
0.936,242.986,0.921,247.083,0.98,179.847,1,213.597
1.021,241.042,1.004,247.542,1.069,181.597,1.091,214.764
1.106,240.764,1.088,249.486,1.158,167.889,1.182,200.486
1.191,243.861,1.172,251.347,1.247,162.75,1.273,190.069
1.277,245.597,1.255,250.653,1.336,167.264,1.364,192.056
1.362,245.806,1.339,249.736,1.425,182.792,1.455,197.319
1.447,245.875,1.423,246.667,1.514,191.236,1.545,205.431
1.532,245.764,1.506,245.542,1.604,202.736,1.636,218.486
1.617,245.819,1.59,250.472,1.693,219.389,1.727,221
1.702,248.153,1.674,254.389,1.782,223.847,1.818,220.5
1.787,251.972,1.757,254.806,1.871,235.569,1.909,223.014
1.872,254.167,1.841,254.931,1.96,244.681,2,228.25
1.957,254.861,1.925,254.889,2.049,250.861,2.091,237.236
2.043,254.931,2.008,254.944,2.138,254.903,2.182,245.347
2.128,254.986,2.092,254.944,2.227,254.986,2.273,248.486
2.213,255,2.176,255,2.316,254.986,2.364,250.25
2.298,255,2.259,255,2.405,255,2.455,251.111
2.383,254.972,2.343,255,2.494,255,2.545,251.069
2.468,254.819,2.427,254.931,2.584,254.986,2.636,250.75
2.553,254.583,2.51,254.819,2.673,254.917,2.727,249.611
2.638,254.347,2.594,254.597,2.762,254.458,2.818,247.472
2.723,253.778,2.678,254.653,2.851,253.764,2.909,244.625
2.809,252.889,2.762,254.153,2.94,237.611,3,231.806
2.894,240.25,2.845,248.736,3.029,188.264,3.091,201.111
2.979,181.361,2.929,217.181,3.118,125.389,3.182,172.153
3.064,101.472,3.013,166.681,3.207,95.625,3.273,145.944
3.149,53.847,3.096,126.75,3.296,103.625,3.364,119.264
3.234,33.444,3.18,107.722,3.385,112.056,3.455,98.833
3.319,24.097,3.264,97.278,3.474,121.167,3.545,96.069
3.404,19.083,3.347,89.417,3.563,125.917,3.636,91.069
3.489,15.528,3.431,86.708,3.653,127.653,3.727,77.097
3.574,13.403,3.515,86.958,3.742,131.403,3.818,73.597
3.66,12.597,3.598,86.292,3.831,130.625,3.909,75.597
3.745,12.056,3.682,85,3.92,128.931,4,83.375
3.83,12.153,3.766,83.056,4.009,127.444,4.091,88.986
3.915,11.75,3.849,86.042,4.098,127.333,4.182,92.042
4,10.819,3.933,86.528,4.187,128.056,4.273,94.431
4.085,10.611,4.017,90.028,4.276,126.958,4.364,93.556
4.17,10.653,4.1,93.222,4.365,128.125,4.455,93.861
4.255,10.375,4.184,95.528,4.454,127.194,4.545,97.903
4.34,10.458,4.268,93.069,4.543,134.014,4.636,99.764
4.426,10.389,4.351,86.264,4.633,139.556,4.727,93.486
4.511,10.403,4.435,87.236,4.722,137.986,4.818,91.778
4.596,9.542,4.519,87.125,4.811,131.431,4.909,94.819
4.681,9.958,4.603,88.556,4.9,126.292,5,97.069
4.766,9.694,4.686,87.264,4.989,121.236,5.091,103.375
4.851,9.764,4.77,89.014,5.078,116.889,5.182,109.431
4.936,9.833,4.854,86.361,5.167,118.069,5.273,106.792
5.021,9.694,4.937,82.736,5.256,125.625,5.364,108.875
5.106,9.417,5.021,83.833,5.345,134.972,5.455,117.597
5.191,9.111,5.105,86.556,5.434,136.917,5.545,116.889
5.277,9.153,5.188,89.806,5.523,131.153,5.636,108.986
5.362,8.792,5.272,87.528,5.612,119.611,5.727,102.639
5.447,8.597,5.356,88.417,5.702,105.403,5.818,99.181
5.532,9.194,5.439,90.875,5.791,95.722,5.909,97.833
5.617,9.556,5.523,89.222,5.88,86.181,6,93.861
5.702,9.833,5.607,86.875,5.969,83.931,6.091,92.208
5.787,9,5.69,83.819,6.058,81.208,6.182,97.611
5.872,9.306,5.774,83.431,6.147,81.028,6.273,103.292
5.957,9.361,5.858,84,6.236,74.139,6.364,110.597
6.043,8.944,5.941,81.792,6.325,70.208,6.455,109.569
6.128,9.264,6.025,84.278,6.414,65.389,6.545,100.347
6.213,9.431,6.109,87.972,6.503,59.986,6.636,97.417
6.298,8.931,6.192,88.625,6.592,57.319,6.727,100.5
6.383,9.306,6.276,91.417,6.682,58.028,6.818,103.222
6.468,9.861,6.36,92.361,6.771,50.028,6.909,108.639
6.553,9.722,6.444,90.264,6.86,42.306,7,113.167
6.638,9.083,6.527,93.611,6.949,42.472,7.091,115.889
6.723,8.792,6.611,92.125,7.038,41.375,7.182,120.972
6.809,9.181,6.695,82.542,7.127,40.347,7.273,121.764
6.894,9.417,6.778,77.319,7.216,35.681,7.364,124.361
6.979,9.403,6.862,77.611,7.305,33.153,7.455,119.597
7.064,9.764,6.946,82.847,7.394,32.597,7.545,108.417
7.149,10.611,7.029,85.639,7.483,32.194,7.636,101.583
7.234,10.486,7.113,86.431,7.572,35.25,7.727,102.944
7.319,10.319,7.197,84.139,7.661,40.792,7.818,111.75
7.404,10.125,7.28,80.958,7.751,41.25,7.909,116.778
7.489,9.958,7.364,80.375,7.84,33.333,8,115
7.574,9.875,7.448,81.389,7.929,25.153,8.091,115.931
7.66,9.792,7.531,80.806,8.018,19.486,8.182,118.569
7.745,9.819,7.615,82.681,8.107,20.028,8.273,119.847
7.83,10.625,7.699,86.319,8.196,18.889,8.364,111.056
7.915,10.806,7.782,86.542,8.285,20.569,8.455,106.722
8,11.097,7.866,83.097,8.374,22.736,8.545,110.181
8.085,11.389,7.95,82.153,8.463,25.5,8.636,116.153
8.17,11.153,8.033,80.486,8.552,27.431,8.727,115.639
8.255,11.042,8.117,80,8.641,32.931,8.818,116.819
8.34,11.972,8.201,80.431,8.731,38.694,8.909,117.208
8.426,11.986,8.285,81.819,8.82,37.083,9,112.111
8.511,12.014,8.368,81.75,8.909,41.528,9.091,103.736
8.596,12.181,8.452,80.139,8.998,41.903,9.182,92.75
8.681,11.875,8.536,81.625,9.087,41.778,9.273,92.014
8.766,10.944,8.619,83.042,9.176,46.208,9.364,102.444
8.851,10.944,8.703,84.014,9.265,46.153,9.455,108.333
8.936,11.167,8.787,80.597,9.354,46.125,9.545,106.653
9.021,12.208,8.87,73.333,9.443,42.028,9.636,99
9.106,12.889,8.954,74.5,9.532,47.847,9.727,93.278
9.191,12.333,9.038,78.014,9.621,47.708,9.818,87.542
9.277,11.958,9.121,78.333,9.71,49.264,9.909,89.694
9.362,11.917,9.205,75.264,9.8,48.375,10,94.903
9.447,12.028,9.289,74.528,9.889,49.222,10.091,98.458
9.532,12.042,9.372,80.5,9.978,46.722,10.182,102.486
9.617,12.139,9.456,84.847,10.067,53.194,10.273,102.264
9.702,12.694,9.54,87.444,10.156,57.542,10.364,97.25
9.787,12.722,9.623,87.278,10.245,66.486,10.455,87.75
9.872,12.639,9.707,81.861,10.334,75.111,10.545,88.347
9.957,12.958,9.791,82.875,10.423,80.639,10.636,93.597
10.043,13.125,9.874,84.347,10.512,79.056,10.727,94.153
10.128,13,9.958,85.569,10.601,80.694,10.818,97.181
10.213,12.778,10.042,80.278,10.69,81.972,10.909,99.472
10.298,12.458,10.126,80.361,10.78,85.083,11,105.583
10.383,12.806,10.209,82.944,10.869,82.069,11.091,104.375
10.468,12.569,10.293,86.917,10.958,77.208,11.182,106.653
10.553,12.806,10.377,84.361,11.047,77.861,11.273,109.333
10.638,13.653,10.46,77.5,11.136,79.403,11.364,107.736
10.723,14.639,10.544,77.236,11.225,83.889,11.455,105.014
10.809,14.708,10.628,83.097,11.314,87.833,11.545,98.542
10.894,13.889,10.711,84.125,11.403,90.125,11.636,95.347
10.979,15.028,10.795,80.278,11.492,90.917,11.727,100.639
11.064,15.014,10.879,74.722,11.581,87.903,11.818,99.806
11.149,14.361,10.962,73.778,11.67,84.153,11.909,94.708
11.234,14.639,11.046,83.597,11.759,80.069,12,95.944
11.319,14.806,11.13,93.431,11.849,81.431,12.091,96.014
11.404,15.222,11.213,93.792,11.938,90.181,12.182,93.389
11.489,16.194,11.297,89.319,12.027,96.556,12.273,87.167
11.574,16,11.381,85.917,12.116,96.792,12.364,80.694
11.66,16.694,11.464,86.347,12.205,94.611,12.455,76.361
11.745,17.042,11.548,83.861,12.294,93.653,12.545,75.694
11.83,17.319,11.632,81.667,12.383,91.681,12.636,73.514
11.915,16.875,11.715,84.069,12.472,93.542,12.727,74.847
12,16.708,11.799,87.847,12.561,96.069,12.818,76.333
12.085,16.806,11.883,88.375,12.65,95.903,12.909,75.958
12.17,16.944,11.967,85.194,12.739,93.222,13,72.903
12.255,18.042,12.05,80.542,12.829,98.25,13.091,66.417
12.34,19.111,12.134,83.458,12.918,100.083,13.182,60.319
12.426,19.528,12.218,87.569,13.007,100.708,13.273,56.625
12.511,20.292,12.301,87.375,13.096,97.736,13.364,56.958
12.596,21.403,12.385,85.194,13.185,98.25,13.455,57.889
12.681,21.319,12.469,79.736,13.274,96.667,13.545,54.722
12.766,20.278,12.552,79.194,13.363,92.069,13.636,51.556
12.851,19.639,12.636,89.014,13.452,85.542,13.727,53.903
12.936,21.486,12.72,97.167,13.541,79.222,13.818,57.514
13.021,23.361,12.803,95.167,13.63,77.514,13.909,60.792
13.106,23.597,12.887,89.986,13.719,83.264,14,57.208
13.191,23.736,12.971,88.653,13.808,85.611,14.091,48.681
13.277,24.194,13.054,89.986,13.898,88.917,14.182,38.083
13.362,24.972,13.138,89.389,13.987,94.028,14.273,33.708
13.447,25.042,13.222,89.111,14.076,97.75,14.364,31.347
13.532,25.458,13.305,88.764,14.165,98.694,14.455,31.514
13.617,27.917,13.389,92.111,14.254,100.736,14.545,31.847
13.702,26.639,13.473,89.028,14.343,103.569,14.636,30.431
13.787,25.111,13.556,85.125,14.432,111.847,14.727,31.25
13.872,25.236,13.64,87.25,14.521,119.472,14.818,32.458
13.957,29.431,13.724,93.014,14.61,120.167,14.909,30.597
14.043,30.875,13.808,98.736,14.699,123.681,15,28.264
14.128,31.028,13.891,100.736,14.788,130.333,15.091,25.083
14.213,29.986,13.975,99.583,14.878,139.569,15.182,25.5
14.298,30.75,14.059,97.681,14.967,148.194,15.273,25.111
14.383,33.833,14.142,95.125,15.056,149.153,15.364,27.917
14.468,33.889,14.226,93.847,15.145,155.208,15.455,27.931
14.553,34.708,14.31,90.444,15.234,155.403,15.545,26.722
14.638,38.472,14.393,94.417,15.323,161.736,15.636,25.792
14.723,40.069,14.477,93.778,15.412,162.431,15.727,27
14.809,40.403,14.561,92.861,15.501,163.736,15.818,27.125
14.894,41.056,14.644,95.139,15.59,169.597,15.909,24.5
14.979,40.528,14.728,98.528,15.679,171.875,16,22.042
15.064,40.819,14.812,103.139,15.768,179.139,16.091,23.694
15.149,39.514,14.895,101.667,15.857,187.931,16.182,24
15.234,43.514,14.979,101.764,15.947,193.056,16.273,22.319
15.319,47.681,15.063,96.792,16.036,190.417,16.364,23.069
15.404,49.569,15.146,91.208,16.125,181.514,16.455,25.097
15.489,50.597,15.23,91.764,16.214,171.306,16.545,24.972
15.574,52.944,15.314,98.694,16.303,162.028,16.636,23.708
15.66,57.458,15.397,99.694,16.392,157.806,16.727,19.236
15.745,55.361,15.481,99.111,16.481,156.208,16.818,16.611
15.83,56.903,15.565,105.556,16.57,163.917,16.909,17.819
15.915,57.5,15.649,105.486,16.659,170.694,17,16.347
16,57.292,15.732,103.306,16.748,178.889,17.091,13.167
16.085,57.278,15.816,102.264,16.837,184.097,17.182,11.847
16.17,59.944,15.9,99.403,16.927,185.5,17.273,13.014
16.255,63.194,15.983,97.403,17.016,179.583,17.364,15.958
16.34,67.5,16.067,101.583,17.105,169.931,17.455,17.556
16.426,71.181,16.151,102.444,17.194,164.556,17.545,17.264
16.511,73.875,16.234,97.931,17.283,161.458,17.636,14.653
16.596,70.819,16.318,92.806,17.372,163.069,17.727,12.5
16.681,70.875,16.402,89.889,17.461,167.167,17.818,12.153
16.766,72.903,16.485,94.972,17.55,168.153,17.909,11.972
16.851,77.278,16.569,103.111,17.639,170.667,18,10.944
16.936,80.944,16.653,105.625,17.728,171.917,18.091,10.722
17.021,78.986,16.736,103.111,17.817,172.389,18.182,10.972
17.106,78.431,16.82,103.847,17.906,170.389,18.273,11.389
17.191,80.833,16.904,101.431,17.996,170.514,18.364,12.708
17.277,82.236,16.987,100.306,18.085,172.486,18.455,14.778
17.362,82.25,17.071,102.486,18.174,170.667,18.545,15.875
17.447,85.097,17.155,104.944,18.263,171.278,18.636,15.667
17.532,84.167,17.238,102.028,18.352,172.5,18.727,14.042
17.617,81.375,17.322,102.778,18.441,169.597,18.818,12.458
17.702,79.319,17.406,102.347,18.53,169.597,18.909,12.208
17.787,81.111,17.49,105.292,18.619,164.514,19,12.444
17.872,84.569,17.573,111.042,18.708,163.75,19.091,11.931
17.957,88.944,17.657,117.444,18.797,169.542,19.182,11.069
18.043,97.25,17.741,118.111,18.886,170.792,19.273,11.861
18.128,102.111,17.824,118.625,18.976,173.722,19.364,13.208
18.213,102.917,17.908,120.444,19.065,175.722,19.455,14.333
18.298,100.014,17.992,120.194,19.154,176.847,19.545,13.458
18.383,99.486,18.075,120.931,19.243,177.611,19.636,12.986
18.468,101.903,18.159,124.292,19.332,181.236,19.727,12.708
18.553,103.625,18.243,130.917,19.421,182.792,19.818,13.056
18.638,108.694,18.326,136.958,19.51,182.292,19.909,14.347
18.723,112.611,18.41,133.181,19.599,178.972,20,13.958
18.809,114.375,18.494,127.667,19.688,179.861,20.091,14.431
18.894,116.181,18.577,124.875,19.777,177.208,20.182,14.514
18.979,121.056,18.661,124.778,19.866,177.194,20.273,13.889
19.064,120.125,18.745,128.583,19.955,173.778,20.364,13.292
19.149,117.736,18.828,131.083,20.045,169.917,20.455,12.389
19.234,115.833,18.912,134.75,20.134,165.931,20.545,11.75
19.319,119.181,18.996,139.958,20.223,158.556,20.636,11.653
19.404,122.153,19.079,145.736,20.312,153.056,20.727,12.625
19.489,122.264,19.163,149.917,20.401,150.778,20.818,14.75
19.574,122.778,19.247,149.111,20.49,154.125,20.909,14.458
19.66,126.5,19.331,150.792,20.579,156.417,21,14.292
19.745,128.764,19.414,151.472,20.668,157.611,21.091,13.222
19.83,128.125,19.498,149.833,20.757,158.319,21.182,11.403
19.915,129.306,19.582,148.042,20.846,159.361,21.273,10.847
20,133.028,19.665,148.583,20.935,160.806,21.364,11.069
20.085,135.986,19.749,146.181,21.024,160.597,21.455,10.889
20.17,137.069,19.833,144.444,21.114,155.083,21.545,11.083
20.255,138.667,19.916,148.833,21.203,145.917,21.636,11.556
20.34,138.417,20,152.597,21.292,144.361,21.727,12.097
20.426,137.861,20.084,154.931,21.381,142.958,21.818,12.403
20.511,138.042,20.167,158,21.47,139.347,21.909,12.597
20.596,140.208,20.251,163.292,21.559,143.403,22,12.139
20.681,142.75,20.335,168.181,21.648,152.222,22.091,12.458
20.766,143.792,20.418,170.472,21.737,158.694,22.182,12.639
20.851,148.319,20.502,170.5,21.826,164.958,22.273,12.722
20.936,149.75,20.586,170.264,21.915,169.014,22.364,12.472
21.021,151.528,20.669,170.333,22.004,173.625,22.455,12.403
21.106,154.236,20.753,173.208,22.094,174.778,22.545,12.486
21.191,154.861,20.837,179.556,22.183,175.75,22.636,13.264
21.277,154.444,20.921,182.347,22.272,170.458,22.727,14.542
21.362,155.458,21.004,181.708,22.361,165.306,22.818,15.194
21.447,153.625,21.088,179.569,22.45,166.361,22.909,14.792
21.532,152.764,21.172,177.389,22.539,166.986,23,14.194
21.617,153.069,21.255,173.986,22.628,166.528,23.091,14.097
21.702,154.458,21.339,170.097,22.717,168.556,23.182,14.347
21.787,154.542,21.423,168.181,22.806,174.292,23.273,14.056
21.872,152.653,21.506,167.472,22.895,176.319,23.364,13.833
21.957,154.125,21.59,168.764,22.984,175.208,23.455,13.861
22.043,159.528,21.674,170.111,23.073,170.861,23.545,13.931
22.128,162.722,21.757,170.306,23.163,169.806,23.636,13.972
22.213,160.847,21.841,172.875,23.252,167.972,23.727,14.278
22.298,161.625,21.925,176.667,23.341,168.875,23.818,14.444
22.383,163.708,22.008,180.472,23.43,169.306,23.909,14.569
22.468,165.014,22.092,179.097,23.519,168.986,24,14.681
22.553,163.347,22.176,173.917,23.608,167.833,24.091,14.917
22.638,163.833,22.259,168.333,23.697,167.403,24.182,14.944
22.723,163.375,22.343,169.819,23.786,164.389,24.273,14.903
22.809,161.958,22.427,171.083,23.875,160.694,24.364,14.5
22.894,163.806,22.51,172.222,23.964,155.403,24.455,14.458
22.979,163.889,22.594,174.833,24.053,152.639,24.545,14.375
23.064,162.083,22.678,173.5,24.143,153.111,24.636,14.611
23.149,157.528,22.762,171.778,24.232,159.889,24.727,16.194
23.234,153.611,22.845,168.25,24.321,168.389,24.818,17.153
23.319,154.292,22.929,167.111,24.41,171.806,24.909,16.847
23.404,159.972,23.013,168.736,24.499,169.181,25,16.222
23.489,162.222,23.096,173.736,24.588,167.514,25.091,16.361
23.574,164.486,23.18,174.764,24.677,169.694,25.182,17.069
23.66,163.986,23.264,175.125,24.766,166.264,25.273,16.514
23.745,164.167,23.347,176.264,24.855,164.569,25.364,15.5
23.83,164.083,23.431,178.556,24.944,166.361,25.455,15.833
23.915,167.653,23.515,176.208,25.033,164.653,25.545,16.528
24,170.097,23.598,171.083,25.122,163.708,25.636,16.375
24.085,169.722,23.682,168.944,25.212,161.431,25.727,15.694
24.17,166.931,23.766,169.889,25.301,159.986,25.818,15.389
24.255,165.736,23.849,175,25.39,156.014,25.909,15.389
24.34,165.25,23.933,178.597,25.479,152.847,26,15.222
24.426,164.486,24.017,180.292,25.568,149.861,26.091,15.292
24.511,166.444,24.1,179.986,25.657,147.319,26.182,15.667
24.596,169.611,24.184,178.083,25.746,139.986,26.273,15.889
24.681,170.833,24.268,175.889,25.835,137.708,26.364,16.097
24.766,169,24.351,174.306,25.924,139.653,26.455,16.028
24.851,168.056,24.435,173.111,26.013,143.25,26.545,16.278
24.936,167.389,24.519,170.944,26.102,148.847,26.636,16.25
25.021,166.472,24.603,168.5,26.192,154.069,26.727,16.5
25.106,166.597,24.686,166.681,26.281,154.486,26.818,16.236
25.191,165.347,24.77,167.917,26.37,151.431,26.909,16.319
25.277,165.111,24.854,172.25,26.459,152.306,27,16.597
25.362,164.431,24.937,175.653,26.548,154.444,27.091,17
25.447,163.972,25.021,177.736,26.637,157.236,27.182,16.889
25.532,162,25.105,178.5,26.726,157.306,27.273,16.847
25.617,160.083,25.188,177.125,26.815,160.292,27.364,16.958
25.702,160.444,25.272,173.042,26.904,159.306,27.455,16.708
25.787,164.889,25.356,171.139,26.993,156.694,27.545,16.833
25.872,167.25,25.439,171.097,27.082,154.903,27.636,16.833
25.957,167.361,25.523,171.486,27.171,153,27.727,16.569
26.043,165.125,25.607,170.375,27.261,152.042,27.818,16.556
26.128,162.653,25.69,172.403,27.35,157.625,27.909,17.333
26.213,163.069,25.774,174.417,27.439,165.708,28,17.681
26.298,166.681,25.858,174.333,27.528,167.792,28.091,17.5
26.383,170.597,25.941,171.194,27.617,163.958,28.182,17.139
26.468,172.194,26.025,170.014,27.706,157.028,28.273,17.625
26.553,169.722,26.109,171.083,27.795,151.847,28.364,18.278
26.638,168.764,26.192,171.264,27.884,149.111,28.455,18.056
26.723,168.25,26.276,170.361,27.973,143.014,28.545,18
26.809,169.722,26.36,172.431,28.062,147.028,28.636,18.014
26.894,171.931,26.444,174.931,28.151,153.75,28.727,18.486
26.979,172.75,26.527,175.694,28.241,158.111,28.818,18.792
27.064,172.417,26.611,176.639,28.33,163.125,28.909,18.833
27.149,173.458,26.695,177.097,28.419,167.847,29,19.056
27.234,175.944,26.778,174.667,28.508,167.208,29.091,19.194
27.319,176.528,26.862,171.958,28.597,163.931,29.182,19.417
27.404,174.514,26.946,171.472,28.686,161.861,29.273,19.264
27.489,171.667,27.029,170.944,28.775,157.653,29.364,19.389
27.574,167.861,27.113,167.181,28.864,145.417,29.455,19.625
27.66,170.028,27.197,164.069,28.953,138.819,29.545,19.736
27.745,173.653,27.28,167.403,29.042,135.375,29.636,19.264
27.83,174.097,27.364,170.75,29.131,139.431,29.727,18.903
27.915,174.125,27.448,172.653,29.22,143.625,29.818,18.625
28,175.708,27.531,175.042,29.31,149.444,29.909,19.403
28.085,176.056,27.615,173.819,29.399,153.722,30,19.403
28.17,177.292,27.699,169.708,29.488,156.194,30.091,18.819
28.255,175.861,27.782,167.611,29.577,154.708,30.182,18.958
28.34,176.167,27.866,167.153,29.666,154.931,30.273,19.167
28.426,175.292,27.95,167.194,29.755,156.514,30.364,19.361
28.511,173.847,28.033,167.611,29.844,159.875,30.455,19.347
28.596,172.667,28.117,170.806,29.933,158.306,30.545,19.389
28.681,175.722,28.201,172.583,30.022,157.153,30.636,19.5
28.766,178.25,28.285,171.431,30.111,156,30.727,19.694
28.851,179.111,28.368,171.153,30.2,153.389,30.818,19.875
28.936,180.347,28.452,170.153,30.29,153.681,30.909,19.778
29.021,180.903,28.536,167.806,30.379,154.639,31,19.903
29.106,181.667,28.619,167.569,30.468,155.861,31.091,19.972
29.191,180.514,28.703,167.028,30.557,153.903,31.182,20.111
29.277,179.014,28.787,168.042,30.646,152.986,31.273,20.153
29.362,177.097,28.87,168.986,30.735,148.639,31.364,20.236
29.447,174.75,28.954,165.514,30.824,143.458,31.455,20.417
29.532,172.347,29.038,162.444,30.913,139.306,31.545,20.708
29.617,173.208,29.121,164.431,31.002,132.708,31.636,20.681
29.702,173.889,29.205,166.597,31.091,128.028,31.727,20.903
29.787,174.403,29.289,168.625,31.18,130.417,31.818,21.222
29.872,176,29.372,167.694,31.269,132.681,31.909,21.861
29.957,178.222,29.456,165.139,31.359,131.125,32,22.722
30.043,179.486,29.54,164.903,31.448,134.556,32.091,22.528
30.128,178.681,29.623,168.125,31.537,134.736,32.182,22.222
30.213,175.667,29.707,170.444,31.626,135.347,32.273,22.139
30.298,174.264,29.791,171.292,31.715,138.986,32.364,22.208
30.383,174.486,29.874,172.028,31.804,138.75,32.455,22.472
30.468,174.5,29.958,172.097,31.893,144.889,32.545,23
30.553,175.556,30.042,170.986,31.982,152.764,32.636,23.083
30.638,177.861,30.126,170.542,32.071,155.708,32.727,22.875
30.723,178.764,30.209,173.875,32.16,155.25,32.818,22.764
30.809,179.806,30.293,174.819,32.249,155.889,32.909,23.083
30.894,180.639,30.377,176.347,32.339,152.514,33,23.278
30.979,181.847,30.46,174.389,32.428,150.194,33.091,23.306
31.064,182.472,30.544,170.778,32.517,151.306,33.182,23.667
31.149,182.792,30.628,168.639,32.606,155.375,33.273,23.958
31.234,182,30.711,169.403,32.695,160.056,33.364,24.097
31.319,178.486,30.795,171.403,32.784,160.472,33.455,24.111
31.404,174.097,30.879,169.056,32.873,155.306,33.545,24.486
31.489,172.931,30.962,166.597,32.962,150.708,33.636,25.167
31.574,175.028,31.046,165.5,33.051,144.792,33.727,25.611
31.66,177.333,31.13,163.389,33.14,140.444,33.818,25.361
31.745,180.736,31.213,164.403,33.229,142.708,33.909,25.236
31.83,182.153,31.297,167.194,33.318,145.111,34,24.889
31.915,181.111,31.381,169.319,33.408,145.236,34.091,25.486
32,182,31.464,169.597,33.497,144.556,34.182,25.958
32.085,180.917,31.548,167.25,33.586,147.167,34.273,25.583
32.17,180.056,31.632,166.042,33.675,147.472,34.364,25.444
32.255,180.819,31.715,166.333,33.764,142.556,34.455,25.708
32.34,179.625,31.799,166.931,33.853,138.583,34.545,26.069
32.426,178.028,31.883,169.917,33.942,132.764,34.636,26.375
32.511,176.181,31.967,173.542,34.031,129.417,34.727,26.528
32.596,173.514,32.05,173.167,34.12,133.361,34.818,26.306
32.681,173.264,32.134,170.292,34.209,134.583,34.909,26.25
32.766,172.528,32.218,169.389,34.298,131.792,35,26.806
32.851,174.792,32.301,169.708,34.388,131.028,35.091,27.667
32.936,175.431,32.385,168.375,34.477,133.764,35.182,28.625
33.021,174.847,32.469,165.944,34.566,136.556,35.273,29.528
33.106,176.583,32.552,162.472,34.655,134.139,35.364,30.792
33.191,175.181,32.636,160.472,34.744,137.819,35.455,31.681
33.277,173.694,32.72,159.083,34.833,139.181,35.545,31.514
33.362,173.389,32.803,159.208,34.922,144.625,35.636,30.208
33.447,171.778,32.887,162.028,35.011,147.833,35.727,29.361
33.532,170.069,32.971,165.292,35.1,154.264,35.818,29.583
33.617,169.347,33.054,166.056,35.189,152.833,35.909,29.75
33.702,169.069,33.138,166.458,35.278,147.111,36,30.139
33.787,168.861,33.222,167.319,35.367,142.569,36.091,30.917
33.872,168.583,33.305,167.625,35.457,135.431,36.182,31.292
33.957,168.833,33.389,167.889,35.546,135.806,36.273,31.556
34.043,169.667,33.473,167.278,35.635,137.028,36.364,31.542
34.128,168.472,33.556,166.292,35.724,139.097,36.455,31.347
34.213,166.292,33.64,164.764,35.813,141.722,36.545,31.375
34.298,164.5,33.724,164.056,35.902,141.347,36.636,31.514
34.383,162.986,33.808,163.639,35.991,141.153,36.727,31.958
34.468,165.264,33.891,162.639,36.08,138.694,36.818,32.458
34.553,167.306,33.975,160.903,36.169,138.333,36.909,32.639
34.638,167.903,34.059,158.472,36.258,133.514,37,32.514
34.723,167.403,34.142,157.069,36.347,130.778,37.091,32.042
34.809,165.028,34.226,155.167,36.437,128.972,37.182,30.681
34.894,166,34.31,154.931,36.526,130.972,37.273,30.139
34.979,167.792,34.393,155.514,36.615,138.833,37.364,29.542
35.064,168.181,34.477,152.361,36.704,148.528,37.455,29.597
35.149,168.181,34.561,149.694,36.793,156.944,37.545,29.778
35.234,168.375,34.644,150.681,36.882,158.653,37.636,29.194
35.319,168.194,34.728,154.181,36.971,157.278,37.727,28.944
35.404,168.5,34.812,154.167,37.06,158.833,37.818,29.236
35.489,167.694,34.895,151.625,37.149,158.958,37.909,29.194
35.574,166.153,34.979,149.917,37.238,158.153,38,29.014
35.66,163.319,35.063,149.778,37.327,160.597,38.091,29
35.745,159.806,35.146,149.278,37.416,163.25,38.182,29.403
35.83,157.083,35.23,148.333,37.506,165.764,38.273,29.472
35.915,156.167,35.314,148.583,37.595,167.931,38.364,29.542
36,154.903,35.397,146.792,37.684,172.653,38.455,29.528
36.085,155.931,35.481,146.5,37.773,173.708,38.545,29.306
36.17,155.583,35.565,145.903,37.862,169.597,38.636,29.25
36.255,155.417,35.649,146.583,37.951,161.875,38.727,29.167
36.34,155.806,35.732,146.917,38.04,157.042,38.818,29.625
36.426,155.653,35.816,148.181,38.129,152.833,38.909,29.528
36.511,155.528,35.9,148.361,38.218,150.611,39,30.319
36.596,155.194,35.983,147.236,38.307,149.139,39.091,31.236
36.681,155.806,36.067,147.736,38.396,149.875,39.182,31.694
36.766,156.819,36.151,148.069,38.486,148.556,39.273,31.917
36.851,156.875,36.234,148,38.575,150.319,39.364,32.597
36.936,154.764,36.318,146.861,38.664,151.556,39.455,33.778
37.021,154.667,36.402,146.167,38.753,153.986,39.545,35.778
37.106,155.222,36.485,148.361,38.842,158.819,39.636,37.444
37.191,155.333,36.569,148.056,38.931,159.292,39.727,39.944
37.277,155.931,36.653,149.417,39.02,158.125,39.818,41.903
37.362,158.278,36.736,151.736,39.109,154.292,39.909,43.514
37.447,160.319,36.82,150.806,39.198,150.194,NA,NA
37.532,159.167,36.904,149.069,39.287,145.986,NA,NA
37.617,158.583,36.987,147.375,39.376,140.111,NA,NA
37.702,160.833,37.071,146.528,39.465,130.931,NA,NA
37.787,164.361,37.155,145.333,39.555,126.278,NA,NA
37.872,166.194,37.238,144.889,39.644,131.694,NA,NA
37.957,168.264,37.322,146.361,39.733,136.861,NA,NA
38.043,169.167,37.406,151.708,39.822,137.708,NA,NA
38.128,168.819,37.49,156.694,39.911,140.736,NA,NA
38.213,169.75,37.573,157.472,NA,NA,NA,NA
38.298,171.222,37.657,157.083,NA,NA,NA,NA
38.383,170.736,37.741,156.25,NA,NA,NA,NA
38.468,170.014,37.824,154.486,NA,NA,NA,NA
38.553,171.931,37.908,155.931,NA,NA,NA,NA
38.638,171.083,37.992,157.306,NA,NA,NA,NA
38.723,169.097,38.075,156.056,NA,NA,NA,NA
38.809,167.25,38.159,156.431,NA,NA,NA,NA
38.894,165.917,38.243,156.708,NA,NA,NA,NA
38.979,166.847,38.326,158.181,NA,NA,NA,NA
39.064,168.097,38.41,159.486,NA,NA,NA,NA
39.149,166.583,38.494,159.083,NA,NA,NA,NA
39.234,165.167,38.577,160.417,NA,NA,NA,NA
39.319,166.875,38.661,162.5,NA,NA,NA,NA
39.404,166.764,38.745,161.069,NA,NA,NA,NA
39.489,165.319,38.828,157.056,NA,NA,NA,NA
39.574,162.167,38.912,151.389,NA,NA,NA,NA
39.66,159.75,38.996,149.167,NA,NA,NA,NA
39.745,155.403,39.079,146.167,NA,NA,NA,NA
39.83,150.764,39.163,142.917,NA,NA,NA,NA
39.915,145.5,39.247,135.792,NA,NA,NA,NA
NA,NA,39.331,130.347,NA,NA,NA,NA
NA,NA,39.414,127,NA,NA,NA,NA
NA,NA,39.498,127.083,NA,NA,NA,NA
NA,NA,39.582,126.569,NA,NA,NA,NA
NA,NA,39.665,124.819,NA,NA,NA,NA
NA,NA,39.749,123.958,NA,NA,NA,NA
NA,NA,39.833,121.556,NA,NA,NA,NA
NA,NA,39.916,117.681,NA,NA,NA,NA
